[
  {
    "id": "70ffa95e-f901-4d73-961a-9371c947b5c8",
    "data": [
      {
        "text": "6",
        "meta": "@sys.ignore",
        "userDefined": false
      }
    ],
    "isTemplate": false,
    "count": 0,
    "lang": "en",
    "updated": 0
  },
  {
    "id": "574b40ae-9bf8-47f9-a148-ab2939d74b57",
    "data": [
      {
        "text": "animal drug",
        "userDefined": false
      }
    ],
    "isTemplate": false,
    "count": 0,
    "lang": "en",
    "updated": 0
  },
  {
    "id": "0d8bb91c-340e-43ac-94ee-1ea801a82ce6",
    "data": [
      {
        "text": "animal drug products",
        "userDefined": false
      }
    ],
    "isTemplate": false,
    "count": 0,
    "lang": "en",
    "updated": 0
  },
  {
    "id": "63103432-8991-42c6-945d-83a70cd3cfc6",
    "data": [
      {
        "text": "pets",
        "userDefined": false
      }
    ],
    "isTemplate": false,
    "count": 0,
    "lang": "en",
    "updated": 0
  },
  {
    "id": "d2af97b0-70bf-4bae-85c7-9ea86b73d889",
    "data": [
      {
        "text": "animals",
        "userDefined": false
      }
    ],
    "isTemplate": false,
    "count": 0,
    "lang": "en",
    "updated": 0
  }
]