[
  {
    "id": "b7239836-7a1c-42b9-8088-793f4a9b7eda",
    "data": [
      {
        "text": "book appointment at ",
        "userDefined": false
      },
      {
        "text": "4 pm",
        "meta": "@sys.time",
        "alias": "time",
        "userDefined": true
      },
      {
        "text": ", ",
        "userDefined": false
      },
      {
        "text": "sunday.",
        "meta": "@sys.date",
        "alias": "date",
        "userDefined": true
      }
    ],
    "isTemplate": false,
    "count": 0,
    "lang": "en",
    "updated": 0
  }
]