[
  {
    "id": "29465aef-689c-4e6c-8a33-3bfbfcbe115f",
    "data": [
      {
        "text": "checkup symptoms",
        "userDefined": false
      }
    ],
    "isTemplate": false,
    "count": 0,
    "lang": "en",
    "updated": 0
  },
  {
    "id": "5bfb38e4-11c3-4822-b92e-9d3a4c4370c4",
    "data": [
      {
        "text": "symptoms checkup",
        "userDefined": false
      }
    ],
    "isTemplate": false,
    "count": 0,
    "lang": "en",
    "updated": 0
  },
  {
    "id": "6da72157-28fc-47a5-8b40-372b7f5b6730",
    "data": [
      {
        "text": "checkup",
        "userDefined": false
      }
    ],
    "isTemplate": false,
    "count": 0,
    "lang": "en",
    "updated": 0
  },
  {
    "id": "0361cf9f-0f8f-4ddd-b943-83cae21825eb",
    "data": [
      {
        "text": "symptoms check",
        "userDefined": false
      }
    ],
    "isTemplate": false,
    "count": 0,
    "lang": "en",
    "updated": 0
  },
  {
    "id": "99f05a31-2c31-4fba-86e2-536fa93915ac",
    "data": [
      {
        "text": "check symptoms",
        "userDefined": false
      }
    ],
    "isTemplate": false,
    "count": 0,
    "lang": "en",
    "updated": 0
  }
]