[
  {
    "id": "979df51c-fa20-493a-9f27-7a009961eed7",
    "data": [
      {
        "text": "nej",
        "userDefined": true
      }
    ],
    "isTemplate": false,
    "count": 0,
    "lang": "da",
    "updated": 0
  },
  {
    "id": "d5c5778a-dd30-4619-896b-2a97db87a28e",
    "data": [
      {
        "text": "lad være",
        "userDefined": true
      }
    ],
    "isTemplate": false,
    "count": 0,
    "lang": "da",
    "updated": 0
  },
  {
    "id": "dd3f6f2a-7e7c-4379-97c5-ed824b8079a7",
    "data": [
      {
        "text": "helt sikkert ikke",
        "userDefined": true
      }
    ],
    "isTemplate": false,
    "count": 0,
    "lang": "da",
    "updated": 0
  },
  {
    "id": "98ec7d71-f6ec-4fb5-9dc9-b9f41c615456",
    "data": [
      {
        "text": "egentlig ikke",
        "userDefined": true
      }
    ],
    "isTemplate": false,
    "count": 0,
    "lang": "da",
    "updated": 0
  },
  {
    "id": "3ba41cd2-03c9-4c71-a66d-80257e0e15f5",
    "data": [
      {
        "text": "ellers tak",
        "userDefined": true
      }
    ],
    "isTemplate": false,
    "count": 0,
    "lang": "da",
    "updated": 0
  },
  {
    "id": "58f025e3-c820-4174-a831-9176a7bb5279",
    "data": [
      {
        "text": "jeg er ikke interesseret",
        "userDefined": true
      }
    ],
    "isTemplate": false,
    "count": 0,
    "lang": "da",
    "updated": 0
  },
  {
    "id": "6572804a-1308-46ac-8309-3349b65275ce",
    "data": [
      {
        "text": "Nej tak",
        "userDefined": true
      }
    ],
    "isTemplate": false,
    "count": 0,
    "lang": "da",
    "updated": 0
  },
  {
    "id": "320ebf9d-729b-46fe-8c7c-8e80ac7ce3a1",
    "data": [
      {
        "text": "Jeg accepterer ikke",
        "userDefined": true
      }
    ],
    "isTemplate": false,
    "count": 0,
    "lang": "da",
    "updated": 0
  },
  {
    "id": "28f14d88-6075-4189-a204-3f2f8be25de1",
    "data": [
      {
        "text": "Det vil jeg ikke have",
        "userDefined": true
      }
    ],
    "isTemplate": false,
    "count": 0,
    "lang": "da",
    "updated": 0
  }
]