[
  {
    "id": "7b590c36-9e77-490c-9946-d6eeb4eed6a4",
    "data": [
      {
        "text": "না",
        "userDefined": true
      }
    ],
    "isTemplate": false,
    "count": 0,
    "lang": "bn",
    "updated": 0
  },
  {
    "id": "d08af22a-8045-4cd8-a503-759615a75d90",
    "data": [
      {
        "text": "এটা করবেন না",
        "userDefined": true
      }
    ],
    "isTemplate": false,
    "count": 0,
    "lang": "bn",
    "updated": 0
  },
  {
    "id": "2f3bd505-cc92-4a03-9193-57e338839d5d",
    "data": [
      {
        "text": "কখনই না",
        "userDefined": true
      }
    ],
    "isTemplate": false,
    "count": 0,
    "lang": "bn",
    "updated": 0
  },
  {
    "id": "9bfde934-47d1-486d-a0ba-2d1d1c56dd76",
    "data": [
      {
        "text": "একেবারেই না",
        "userDefined": true
      }
    ],
    "isTemplate": false,
    "count": 0,
    "lang": "bn",
    "updated": 0
  },
  {
    "id": "4d7addc3-7d67-4146-be96-5def0d8ad510",
    "data": [
      {
        "text": "ধন্যবাদ, কিন্তু দরকার নেই",
        "userDefined": true
      }
    ],
    "isTemplate": false,
    "count": 0,
    "lang": "bn",
    "updated": 0
  },
  {
    "id": "d939e52a-b02c-4138-a125-50d970062dd4",
    "data": [
      {
        "text": "আগ্রহী নই",
        "userDefined": true
      }
    ],
    "isTemplate": false,
    "count": 0,
    "lang": "bn",
    "updated": 0
  },
  {
    "id": "94b6a63a-c006-419c-99dd-d065f56028f5",
    "data": [
      {
        "text": "আমি এটি মনে করি না",
        "userDefined": true
      }
    ],
    "isTemplate": false,
    "count": 0,
    "lang": "bn",
    "updated": 0
  },
  {
    "id": "f26244ac-7484-4b9e-ac30-b556e6d730a9",
    "data": [
      {
        "text": "আমি রাজি নই",
        "userDefined": true
      }
    ],
    "isTemplate": false,
    "count": 0,
    "lang": "bn",
    "updated": 0
  },
  {
    "id": "318be441-5b2f-4c69-910d-5bafbc3325ad",
    "data": [
      {
        "text": "আমি এটা চাই না",
        "userDefined": true
      }
    ],
    "isTemplate": false,
    "count": 0,
    "lang": "bn",
    "updated": 0
  }
]