[
  {
    "id": "3e961687-caa4-43c3-9153-c867bdf139bb",
    "data": [
      {
        "text": "ja",
        "userDefined": true
      }
    ],
    "isTemplate": false,
    "count": 0,
    "lang": "da",
    "updated": 0
  },
  {
    "id": "6e53f8bc-4df2-4064-b671-8af302a56dad",
    "data": [
      {
        "text": "gør det",
        "userDefined": true
      }
    ],
    "isTemplate": false,
    "count": 0,
    "lang": "da",
    "updated": 0
  },
  {
    "id": "942170c8-8714-44ad-8bec-955c4c6f6a70",
    "data": [
      {
        "text": "OK",
        "userDefined": true
      }
    ],
    "isTemplate": false,
    "count": 0,
    "lang": "da",
    "updated": 0
  },
  {
    "id": "2f9c51ed-f544-4703-93b6-2f58f48eabd7",
    "data": [
      {
        "text": "præcis",
        "userDefined": true
      }
    ],
    "isTemplate": false,
    "count": 0,
    "lang": "da",
    "updated": 0
  },
  {
    "id": "dad0ad9c-f388-4456-8f38-033c0fc186f7",
    "data": [
      {
        "text": "bekræft",
        "userDefined": true
      }
    ],
    "isTemplate": false,
    "count": 0,
    "lang": "da",
    "updated": 0
  },
  {
    "id": "8c3a963d-6cbe-429d-a32e-b2dc1137c2e4",
    "data": [
      {
        "text": "selvfølgelig",
        "userDefined": true
      }
    ],
    "isTemplate": false,
    "count": 0,
    "lang": "da",
    "updated": 0
  },
  {
    "id": "b85552bf-95bf-4812-becd-24d1b95b0e68",
    "data": [
      {
        "text": "det lyder godt",
        "userDefined": true
      }
    ],
    "isTemplate": false,
    "count": 0,
    "lang": "da",
    "updated": 0
  },
  {
    "id": "073d47d8-c520-4004-bb25-18a3e1a05cee",
    "data": [
      {
        "text": "det er rigtigt",
        "userDefined": true
      }
    ],
    "isTemplate": false,
    "count": 0,
    "lang": "da",
    "updated": 0
  },
  {
    "id": "d0a852bd-021b-4de7-8e6c-e898d73fa781",
    "data": [
      {
        "text": "jeg er ligeglad",
        "userDefined": true
      }
    ],
    "isTemplate": false,
    "count": 0,
    "lang": "da",
    "updated": 0
  },
  {
    "id": "be616614-cc55-42d0-a69d-bf989c7393a0",
    "data": [
      {
        "text": "Jeg accepterer",
        "userDefined": true
      }
    ],
    "isTemplate": false,
    "count": 0,
    "lang": "da",
    "updated": 0
  }
]