[
  {
    "id": "7244ad8a-6e77-4450-993d-5561d16d0dd7",
    "data": [
      {
        "text": "no mucho",
        "userDefined": false
      }
    ],
    "isTemplate": false,
    "count": 0,
    "lang": "es",
    "updated": 0
  },
  {
    "id": "043d033f-cf50-446c-a027-9510177f2792",
    "data": [
      {
        "text": "en absoluto",
        "userDefined": false
      }
    ],
    "isTemplate": false,
    "count": 0,
    "lang": "es",
    "updated": 0
  },
  {
    "id": "b6caafa8-bb6c-41cd-adf7-c5507cab25c4",
    "data": [
      {
        "text": "no lo creo",
        "userDefined": false
      }
    ],
    "isTemplate": false,
    "count": 0,
    "lang": "es",
    "updated": 0
  },
  {
    "id": "18f3a31a-4927-4dc6-8808-9bcae404aaa6",
    "data": [
      {
        "text": "no",
        "userDefined": false
      }
    ],
    "isTemplate": false,
    "count": 1,
    "lang": "es",
    "updated": 0
  },
  {
    "id": "d15e0ac1-f144-47fb-89fa-860f0141c38e",
    "data": [
      {
        "text": "no lo quiero",
        "userDefined": false
      }
    ],
    "isTemplate": false,
    "count": 0,
    "lang": "es",
    "updated": 0
  },
  {
    "id": "8817fe06-06c5-4b47-9d24-5063afc7ebba",
    "data": [
      {
        "text": "no hacerlo",
        "userDefined": false
      }
    ],
    "isTemplate": false,
    "count": 0,
    "lang": "es",
    "updated": 0
  },
  {
    "id": "959b5a8f-3f3e-41b3-a6e1-1bde1ae891e9",
    "data": [
      {
        "text": "no me interesa",
        "userDefined": false
      }
    ],
    "isTemplate": false,
    "count": 0,
    "lang": "es",
    "updated": 0
  },
  {
    "id": "b6d9e8b9-4cbc-414d-92ed-7ffee46331aa",
    "data": [
      {
        "text": "no estoy de acuerdo",
        "userDefined": false
      }
    ],
    "isTemplate": false,
    "count": 0,
    "lang": "es",
    "updated": 0
  },
  {
    "id": "4e1a1d6a-bcd4-4082-870e-4e0dd986eeaf",
    "data": [
      {
        "text": "gracias pero no",
        "userDefined": false
      }
    ],
    "isTemplate": false,
    "count": 0,
    "lang": "es",
    "updated": 0
  }
]