[
  {
    "id": "f0ae350c-b820-4dfd-b88d-879c5153be4b",
    "data": [
      {
        "text": "না",
        "userDefined": true
      }
    ],
    "isTemplate": false,
    "count": 0,
    "lang": "bn",
    "updated": 0
  },
  {
    "id": "5bad1748-219c-4f4b-8a30-39f1e1f3731a",
    "data": [
      {
        "text": "এটা করবেন না",
        "userDefined": true
      }
    ],
    "isTemplate": false,
    "count": 0,
    "lang": "bn",
    "updated": 0
  },
  {
    "id": "adeff81b-abac-458f-bdc5-f85cd050d549",
    "data": [
      {
        "text": "কখনই না",
        "userDefined": true
      }
    ],
    "isTemplate": false,
    "count": 0,
    "lang": "bn",
    "updated": 0
  },
  {
    "id": "2bb46933-75a5-44e4-ad06-b0fd157698cf",
    "data": [
      {
        "text": "একেবারেই না",
        "userDefined": true
      }
    ],
    "isTemplate": false,
    "count": 0,
    "lang": "bn",
    "updated": 0
  },
  {
    "id": "b9440f0a-5f50-4244-ba91-da1b40c75951",
    "data": [
      {
        "text": "ধন্যবাদ, কিন্তু দরকার নেই",
        "userDefined": true
      }
    ],
    "isTemplate": false,
    "count": 0,
    "lang": "bn",
    "updated": 0
  },
  {
    "id": "e65e109c-d48c-4b50-ada9-1da24358b64a",
    "data": [
      {
        "text": "আগ্রহী নই",
        "userDefined": true
      }
    ],
    "isTemplate": false,
    "count": 0,
    "lang": "bn",
    "updated": 0
  },
  {
    "id": "fc4bafbb-e184-4850-bfda-e7aa4392281c",
    "data": [
      {
        "text": "আমি এটি মনে করি না",
        "userDefined": true
      }
    ],
    "isTemplate": false,
    "count": 0,
    "lang": "bn",
    "updated": 0
  },
  {
    "id": "204b3d13-1093-42e8-98b3-4b3b04d8b43b",
    "data": [
      {
        "text": "আমি রাজি নই",
        "userDefined": true
      }
    ],
    "isTemplate": false,
    "count": 0,
    "lang": "bn",
    "updated": 0
  },
  {
    "id": "1f7cd818-25f0-4d32-b13b-6d0eac3126f5",
    "data": [
      {
        "text": "আমি এটা চাই না",
        "userDefined": true
      }
    ],
    "isTemplate": false,
    "count": 0,
    "lang": "bn",
    "updated": 0
  }
]