[
  {
    "id": "66edd9e3-b1ee-4bcf-9481-b2bc68b7e753",
    "data": [
      {
        "text": "так",
        "userDefined": false
      }
    ],
    "isTemplate": false,
    "count": 3,
    "lang": "uk",
    "updated": 0
  },
  {
    "id": "e9dd335c-74a8-47b4-b485-5f4a1119ec57",
    "data": [
      {
        "text": "саме так",
        "userDefined": false
      }
    ],
    "isTemplate": false,
    "count": 0,
    "lang": "uk",
    "updated": 0
  },
  {
    "id": "23430ff9-bc8d-4bae-b263-f7db1118e610",
    "data": [
      {
        "text": "згода",
        "userDefined": false
      }
    ],
    "isTemplate": false,
    "count": 1,
    "lang": "uk",
    "updated": 0
  },
  {
    "id": "2c0b0b6e-61c2-464a-adbd-dc9ba3bf331f",
    "data": [
      {
        "text": "добре",
        "userDefined": false
      }
    ],
    "isTemplate": false,
    "count": 0,
    "lang": "uk",
    "updated": 0
  },
  {
    "id": "e7e6e942-04ca-4c6b-bab2-e88bd8c13730",
    "data": [
      {
        "text": "зроби це",
        "userDefined": false
      }
    ],
    "isTemplate": false,
    "count": 0,
    "lang": "uk",
    "updated": 0
  },
  {
    "id": "12a70071-fbf7-4543-9de6-009193489648",
    "data": [
      {
        "text": "погоджуюсь",
        "userDefined": false
      }
    ],
    "isTemplate": false,
    "count": 0,
    "lang": "uk",
    "updated": 0
  },
  {
    "id": "5547e200-aa5a-442c-86bf-a874ffd666c3",
    "data": [
      {
        "text": "зробити",
        "userDefined": false
      }
    ],
    "isTemplate": false,
    "count": 0,
    "lang": "uk",
    "updated": 0
  },
  {
    "id": "95acd9bf-672e-4198-869a-b85b29115725",
    "data": [
      {
        "text": "правильно",
        "userDefined": false
      }
    ],
    "isTemplate": false,
    "count": 0,
    "lang": "uk",
    "updated": 0
  },
  {
    "id": "8f2035c9-60ab-4a31-954c-e8f9d1182608",
    "data": [
      {
        "text": "звичайно",
        "userDefined": false
      }
    ],
    "isTemplate": false,
    "count": 0,
    "lang": "uk",
    "updated": 0
  },
  {
    "id": "dde27513-9c09-4f89-8359-8c37691e2520",
    "data": [
      {
        "text": "підтверджую",
        "userDefined": false
      }
    ],
    "isTemplate": false,
    "count": 1,
    "lang": "uk",
    "updated": 0
  }
]