[
  {
    "id": "6f01431b-94f8-4422-8000-4e2e00d33699",
    "data": [
      {
        "text": "nej",
        "userDefined": true
      }
    ],
    "isTemplate": false,
    "count": 0,
    "lang": "da",
    "updated": 0
  },
  {
    "id": "45ceb0f6-0c83-492a-aaa1-dea0ca238b80",
    "data": [
      {
        "text": "lad være",
        "userDefined": true
      }
    ],
    "isTemplate": false,
    "count": 0,
    "lang": "da",
    "updated": 0
  },
  {
    "id": "746fb850-16d4-46aa-9141-cb5cbc9efd44",
    "data": [
      {
        "text": "helt sikkert ikke",
        "userDefined": true
      }
    ],
    "isTemplate": false,
    "count": 0,
    "lang": "da",
    "updated": 0
  },
  {
    "id": "c2ba9ad0-1c98-458c-bb94-64d76e0439fd",
    "data": [
      {
        "text": "egentlig ikke",
        "userDefined": true
      }
    ],
    "isTemplate": false,
    "count": 0,
    "lang": "da",
    "updated": 0
  },
  {
    "id": "f1fa4e5e-5f79-40ee-a7f9-c7361089f8ab",
    "data": [
      {
        "text": "ellers tak",
        "userDefined": true
      }
    ],
    "isTemplate": false,
    "count": 0,
    "lang": "da",
    "updated": 0
  },
  {
    "id": "7357961a-7d11-44d0-80b9-453ae9d2498f",
    "data": [
      {
        "text": "jeg er ikke interesseret",
        "userDefined": true
      }
    ],
    "isTemplate": false,
    "count": 0,
    "lang": "da",
    "updated": 0
  },
  {
    "id": "01b28b7a-25e7-4c51-baca-f4b15718ff64",
    "data": [
      {
        "text": "Nej tak",
        "userDefined": true
      }
    ],
    "isTemplate": false,
    "count": 0,
    "lang": "da",
    "updated": 0
  },
  {
    "id": "4e4dc065-faab-400c-a4f5-9cca1b39301f",
    "data": [
      {
        "text": "Jeg accepterer ikke",
        "userDefined": true
      }
    ],
    "isTemplate": false,
    "count": 0,
    "lang": "da",
    "updated": 0
  },
  {
    "id": "2fec15cf-8b3c-4c9f-9cda-fd5057bc4ccc",
    "data": [
      {
        "text": "Det vil jeg ikke have",
        "userDefined": true
      }
    ],
    "isTemplate": false,
    "count": 0,
    "lang": "da",
    "updated": 0
  }
]