[
  {
    "id": "2dc6c987-fa21-4f44-9682-7a86deabd81c",
    "data": [
      {
        "text": "справді ні",
        "userDefined": false
      }
    ],
    "isTemplate": false,
    "count": 0,
    "lang": "uk",
    "updated": 0
  },
  {
    "id": "59cae5ab-5f67-459d-bee3-a0925fbc448f",
    "data": [
      {
        "text": "не думаю",
        "userDefined": false
      }
    ],
    "isTemplate": false,
    "count": 0,
    "lang": "uk",
    "updated": 0
  },
  {
    "id": "eda684e5-22fc-4e5b-941e-962bbedee692",
    "data": [
      {
        "text": "звісно ні",
        "userDefined": false
      }
    ],
    "isTemplate": false,
    "count": 0,
    "lang": "uk",
    "updated": 0
  },
  {
    "id": "a6f1776b-347b-4397-a4dc-4eaa34022d0f",
    "data": [
      {
        "text": "ні",
        "userDefined": false
      }
    ],
    "isTemplate": false,
    "count": 1,
    "lang": "uk",
    "updated": 0
  },
  {
    "id": "2068b67c-d42d-4bd3-bff8-8870b36b9835",
    "data": [
      {
        "text": "не погоджуюсь",
        "userDefined": false
      }
    ],
    "isTemplate": false,
    "count": 1,
    "lang": "uk",
    "updated": 0
  },
  {
    "id": "96030a60-2a07-49b8-8cea-e2e1a200dfcd",
    "data": [
      {
        "text": "не хочу",
        "userDefined": false
      }
    ],
    "isTemplate": false,
    "count": 1,
    "lang": "uk",
    "updated": 0
  },
  {
    "id": "f179906a-5a7f-4e4e-98b1-483a8bb25642",
    "data": [
      {
        "text": "ні дякую",
        "userDefined": false
      }
    ],
    "isTemplate": false,
    "count": 0,
    "lang": "uk",
    "updated": 0
  },
  {
    "id": "7bb14c36-4c7c-4853-97bd-c4a2806f8bb9",
    "data": [
      {
        "text": "не потрібно",
        "userDefined": false
      }
    ],
    "isTemplate": false,
    "count": 0,
    "lang": "uk",
    "updated": 0
  },
  {
    "id": "be389e7c-d883-417c-ab92-e181575dfa40",
    "data": [
      {
        "text": "не треба",
        "userDefined": false
      }
    ],
    "isTemplate": false,
    "count": 2,
    "lang": "uk",
    "updated": 0
  },
  {
    "id": "f2a30e17-87d7-481a-8d0a-80e947273bd9",
    "data": [
      {
        "text": "не цікавить",
        "userDefined": false
      }
    ],
    "isTemplate": false,
    "count": 0,
    "lang": "uk",
    "updated": 0
  }
]