[
  {
    "id": "1685bf39-08f4-4187-bd7f-61eb91dbfdd7",
    "data": [
      {
        "text": "kein Interesse",
        "userDefined": false
      }
    ],
    "isTemplate": false,
    "count": 1,
    "lang": "de",
    "updated": 0
  },
  {
    "id": "0430a906-4b5b-4bfb-909f-c2f2a6d38dc2",
    "data": [
      {
        "text": "eigentlich nicht",
        "userDefined": false
      }
    ],
    "isTemplate": false,
    "count": 0,
    "lang": "de",
    "updated": 0
  },
  {
    "id": "a451b2ef-24ef-4430-9f23-d40947051a25",
    "data": [
      {
        "text": "mach das nicht",
        "userDefined": false
      }
    ],
    "isTemplate": false,
    "count": 0,
    "lang": "de",
    "updated": 0
  },
  {
    "id": "928aa6f3-ade5-4512-a05c-8837111d4963",
    "data": [
      {
        "text": "auf keinen Fall",
        "userDefined": false
      }
    ],
    "isTemplate": false,
    "count": 1,
    "lang": "de",
    "updated": 0
  },
  {
    "id": "d78af02a-043c-4192-b1aa-30d125c23da3",
    "data": [
      {
        "text": "ich denke nicht",
        "userDefined": false
      }
    ],
    "isTemplate": false,
    "count": 0,
    "lang": "de",
    "updated": 0
  },
  {
    "id": "accea363-7f24-4a06-b7c6-f77c8f93dc4c",
    "data": [
      {
        "text": "nein",
        "userDefined": false
      }
    ],
    "isTemplate": false,
    "count": 4,
    "lang": "de",
    "updated": 0
  },
  {
    "id": "0d6229b4-8673-46fd-8092-42ce5c3eac84",
    "data": [
      {
        "text": "ich bin nicht einverstanden",
        "userDefined": false
      }
    ],
    "isTemplate": false,
    "count": 1,
    "lang": "de",
    "updated": 0
  },
  {
    "id": "d501c351-55e1-47b0-a507-d64249b05c3f",
    "data": [
      {
        "text": "das möchte ich nicht",
        "userDefined": false
      }
    ],
    "isTemplate": false,
    "count": 1,
    "lang": "de",
    "updated": 0
  },
  {
    "id": "0a1d7adb-6aee-4945-8a6c-06efcf1e8c9f",
    "data": [
      {
        "text": "nein danke",
        "userDefined": false
      }
    ],
    "isTemplate": false,
    "count": 1,
    "lang": "de",
    "updated": 0
  }
]