[
  {
    "id": "0afb4f9f-99d7-4eba-95ba-10ed6a076235",
    "data": [
      {
        "text": "справді ні",
        "userDefined": false
      }
    ],
    "isTemplate": false,
    "count": 0,
    "lang": "uk",
    "updated": 0
  },
  {
    "id": "4d1f2dd7-8f61-4191-a141-06a42e70e02d",
    "data": [
      {
        "text": "не думаю",
        "userDefined": false
      }
    ],
    "isTemplate": false,
    "count": 0,
    "lang": "uk",
    "updated": 0
  },
  {
    "id": "ed9a8600-caa4-44ad-b89f-b77881bb0b8d",
    "data": [
      {
        "text": "звісно ні",
        "userDefined": false
      }
    ],
    "isTemplate": false,
    "count": 0,
    "lang": "uk",
    "updated": 0
  },
  {
    "id": "e01aa2d3-8293-4df5-8e52-ef12fabf1d9e",
    "data": [
      {
        "text": "ні",
        "userDefined": false
      }
    ],
    "isTemplate": false,
    "count": 1,
    "lang": "uk",
    "updated": 0
  },
  {
    "id": "b4966ac1-d975-424e-94ef-1536edadd5ce",
    "data": [
      {
        "text": "не погоджуюсь",
        "userDefined": false
      }
    ],
    "isTemplate": false,
    "count": 1,
    "lang": "uk",
    "updated": 0
  },
  {
    "id": "835a5475-559c-4fdb-ae1d-5f3ce2c5046a",
    "data": [
      {
        "text": "не хочу",
        "userDefined": false
      }
    ],
    "isTemplate": false,
    "count": 1,
    "lang": "uk",
    "updated": 0
  },
  {
    "id": "b3f4ef3b-6ca9-45c4-96ac-8135ae4034db",
    "data": [
      {
        "text": "ні дякую",
        "userDefined": false
      }
    ],
    "isTemplate": false,
    "count": 0,
    "lang": "uk",
    "updated": 0
  },
  {
    "id": "677c9805-0b38-4324-9703-2026b11a29ef",
    "data": [
      {
        "text": "не потрібно",
        "userDefined": false
      }
    ],
    "isTemplate": false,
    "count": 0,
    "lang": "uk",
    "updated": 0
  },
  {
    "id": "c7345536-f054-4539-b976-7d875cc33fd6",
    "data": [
      {
        "text": "не треба",
        "userDefined": false
      }
    ],
    "isTemplate": false,
    "count": 2,
    "lang": "uk",
    "updated": 0
  },
  {
    "id": "8ed8ca26-79ba-4173-b7d2-960aa47a0a61",
    "data": [
      {
        "text": "не цікавить",
        "userDefined": false
      }
    ],
    "isTemplate": false,
    "count": 0,
    "lang": "uk",
    "updated": 0
  }
]