[
  {
    "id": "fce0c627-d527-41dd-9a81-807ff63d810b",
    "data": [
      {
        "text": "klar",
        "userDefined": false
      }
    ],
    "isTemplate": false,
    "count": 1,
    "lang": "de",
    "updated": 0
  },
  {
    "id": "391a8245-69c3-40c7-89f3-7b6297475590",
    "data": [
      {
        "text": "ja",
        "userDefined": false
      }
    ],
    "isTemplate": false,
    "count": 2,
    "lang": "de",
    "updated": 0
  },
  {
    "id": "094e0ee6-3aac-4795-a1d8-fb74b491e005",
    "data": [
      {
        "text": "klingt gut",
        "userDefined": false
      }
    ],
    "isTemplate": false,
    "count": 0,
    "lang": "de",
    "updated": 0
  },
  {
    "id": "ad3d9e89-f529-41b1-ae27-8b5d7fd45fbb",
    "data": [
      {
        "text": "natürlich",
        "userDefined": false
      }
    ],
    "isTemplate": false,
    "count": 1,
    "lang": "de",
    "updated": 0
  },
  {
    "id": "fedbd1e4-142b-4ac4-8522-b4f78806354c",
    "data": [
      {
        "text": "genau",
        "userDefined": false
      }
    ],
    "isTemplate": false,
    "count": 2,
    "lang": "de",
    "updated": 0
  },
  {
    "id": "b553e244-dd22-41a2-a4ad-ca617ec52406",
    "data": [
      {
        "text": "mach das",
        "userDefined": false
      }
    ],
    "isTemplate": false,
    "count": 0,
    "lang": "de",
    "updated": 0
  },
  {
    "id": "f33d17ad-8e85-4e83-83e5-fe1d939ee286",
    "data": [
      {
        "text": "bestätigen",
        "userDefined": false
      }
    ],
    "isTemplate": false,
    "count": 0,
    "lang": "de",
    "updated": 0
  },
  {
    "id": "51d2489f-af62-4355-a99c-8f95b7d751d0",
    "data": [
      {
        "text": "ist mir egal",
        "userDefined": false
      }
    ],
    "isTemplate": false,
    "count": 1,
    "lang": "de",
    "updated": 0
  },
  {
    "id": "3a8f8003-e8af-4dc0-988f-6b0c416ff6f4",
    "data": [
      {
        "text": "einverstanden",
        "userDefined": false
      }
    ],
    "isTemplate": false,
    "count": 0,
    "lang": "de",
    "updated": 0
  },
  {
    "id": "7624b1f6-0898-4ee1-bdc2-f567892f079a",
    "data": [
      {
        "text": "das ist richtig",
        "userDefined": false
      }
    ],
    "isTemplate": false,
    "count": 1,
    "lang": "de",
    "updated": 0
  }
]