[
  {
    "id": "819b2f70-eb39-45ec-ad76-fb7acadd78d1",
    "data": [
      {
        "text": "nej",
        "userDefined": true
      }
    ],
    "isTemplate": false,
    "count": 0,
    "lang": "da",
    "updated": 0
  },
  {
    "id": "d3938d0e-03f1-4f21-b8a0-4023c8e89be3",
    "data": [
      {
        "text": "lad være",
        "userDefined": true
      }
    ],
    "isTemplate": false,
    "count": 0,
    "lang": "da",
    "updated": 0
  },
  {
    "id": "2b9ff439-8eb6-40a2-95e6-00590f6cc6e6",
    "data": [
      {
        "text": "helt sikkert ikke",
        "userDefined": true
      }
    ],
    "isTemplate": false,
    "count": 0,
    "lang": "da",
    "updated": 0
  },
  {
    "id": "b86d8601-b420-43b8-9ce7-a626091b8435",
    "data": [
      {
        "text": "egentlig ikke",
        "userDefined": true
      }
    ],
    "isTemplate": false,
    "count": 0,
    "lang": "da",
    "updated": 0
  },
  {
    "id": "7cd43cd1-a201-4e42-8d6d-4408e9c1a87d",
    "data": [
      {
        "text": "ellers tak",
        "userDefined": true
      }
    ],
    "isTemplate": false,
    "count": 0,
    "lang": "da",
    "updated": 0
  },
  {
    "id": "659661f2-f521-4a93-b3ea-7c5606400bd3",
    "data": [
      {
        "text": "jeg er ikke interesseret",
        "userDefined": true
      }
    ],
    "isTemplate": false,
    "count": 0,
    "lang": "da",
    "updated": 0
  },
  {
    "id": "1149370a-1a90-4753-b141-f1c304f67bf2",
    "data": [
      {
        "text": "Nej tak",
        "userDefined": true
      }
    ],
    "isTemplate": false,
    "count": 0,
    "lang": "da",
    "updated": 0
  },
  {
    "id": "e9427fc9-b73c-4ebb-a731-fe82e33ddd13",
    "data": [
      {
        "text": "Jeg accepterer ikke",
        "userDefined": true
      }
    ],
    "isTemplate": false,
    "count": 0,
    "lang": "da",
    "updated": 0
  },
  {
    "id": "a898fe31-4c76-4345-a325-053b2fdd2a96",
    "data": [
      {
        "text": "Det vil jeg ikke have",
        "userDefined": true
      }
    ],
    "isTemplate": false,
    "count": 0,
    "lang": "da",
    "updated": 0
  }
]