[
  {
    "id": "1c2a859d-687b-4737-bc20-bb8c31f7d7b2",
    "data": [
      {
        "text": "হ্যাঁ",
        "userDefined": false
      }
    ],
    "isTemplate": false,
    "count": 0,
    "lang": "bn",
    "updated": 0
  },
  {
    "id": "c5882c37-4c2e-4061-823b-7be015869064",
    "data": [
      {
        "text": "এটা করুন",
        "userDefined": true
      }
    ],
    "isTemplate": false,
    "count": 0,
    "lang": "bn",
    "updated": 0
  },
  {
    "id": "5f61b917-d1bc-4220-93d4-ce1385ee9a74",
    "data": [
      {
        "text": "নিশ্চয়ই",
        "userDefined": true
      }
    ],
    "isTemplate": false,
    "count": 0,
    "lang": "bn",
    "updated": 0
  },
  {
    "id": "3b787a20-42f1-4663-aa69-935f07a2139e",
    "data": [
      {
        "text": "ঠিক এইটাই",
        "userDefined": true
      }
    ],
    "isTemplate": false,
    "count": 0,
    "lang": "bn",
    "updated": 0
  },
  {
    "id": "e6466e0c-5c58-45c8-9d01-df3f0a080bf7",
    "data": [
      {
        "text": "নিশ্চিত",
        "userDefined": true
      }
    ],
    "isTemplate": false,
    "count": 0,
    "lang": "bn",
    "updated": 0
  },
  {
    "id": "e715d641-0de4-409f-8d02-52e14da99e30",
    "data": [
      {
        "text": "অবশ্যই",
        "userDefined": true
      }
    ],
    "isTemplate": false,
    "count": 0,
    "lang": "bn",
    "updated": 0
  },
  {
    "id": "99c0d08b-ceb1-4a0d-87ff-8fbaddb2f87a",
    "data": [
      {
        "text": "ভালোই মনে হচ্ছে",
        "userDefined": true
      }
    ],
    "isTemplate": false,
    "count": 0,
    "lang": "bn",
    "updated": 0
  },
  {
    "id": "f5ad0a71-2973-4b3f-a9ce-a027887a5ed3",
    "data": [
      {
        "text": "এটা ঠিক",
        "userDefined": true
      }
    ],
    "isTemplate": false,
    "count": 0,
    "lang": "bn",
    "updated": 0
  },
  {
    "id": "acac87c3-4467-4fe9-bfd2-391391459b58",
    "data": [
      {
        "text": "আমি কিছু মনে করি নি",
        "userDefined": true
      }
    ],
    "isTemplate": false,
    "count": 0,
    "lang": "bn",
    "updated": 0
  },
  {
    "id": "bd6d38f6-c323-42d2-ba8b-410f6575ea04",
    "data": [
      {
        "text": "আমি সম্মত",
        "userDefined": true
      }
    ],
    "isTemplate": false,
    "count": 0,
    "lang": "bn",
    "updated": 0
  }
]