[
  {
    "id": "841e0e26-287b-45d5-ba45-35e68d529d70",
    "data": [
      {
        "text": "так",
        "userDefined": false
      }
    ],
    "isTemplate": false,
    "count": 3,
    "lang": "uk",
    "updated": 0
  },
  {
    "id": "44d2f9be-44cc-42bc-ba4f-f9fa0b26797c",
    "data": [
      {
        "text": "саме так",
        "userDefined": false
      }
    ],
    "isTemplate": false,
    "count": 0,
    "lang": "uk",
    "updated": 0
  },
  {
    "id": "c2eeae6c-eaf8-4848-9ad0-aa9a9a876458",
    "data": [
      {
        "text": "згода",
        "userDefined": false
      }
    ],
    "isTemplate": false,
    "count": 1,
    "lang": "uk",
    "updated": 0
  },
  {
    "id": "786aa7f7-111f-4771-a2a9-27ca3329c4d2",
    "data": [
      {
        "text": "добре",
        "userDefined": false
      }
    ],
    "isTemplate": false,
    "count": 0,
    "lang": "uk",
    "updated": 0
  },
  {
    "id": "4ff79434-87eb-4321-a5d5-22e19ea27c52",
    "data": [
      {
        "text": "зроби це",
        "userDefined": false
      }
    ],
    "isTemplate": false,
    "count": 0,
    "lang": "uk",
    "updated": 0
  },
  {
    "id": "59fbe232-99cf-4cdb-8e26-c2f3b1ca3872",
    "data": [
      {
        "text": "погоджуюсь",
        "userDefined": false
      }
    ],
    "isTemplate": false,
    "count": 0,
    "lang": "uk",
    "updated": 0
  },
  {
    "id": "625aa04f-0505-4488-9929-0ac5266549f7",
    "data": [
      {
        "text": "зробити",
        "userDefined": false
      }
    ],
    "isTemplate": false,
    "count": 0,
    "lang": "uk",
    "updated": 0
  },
  {
    "id": "2e6cc193-85bd-4bbd-b0cf-081850dfc974",
    "data": [
      {
        "text": "правильно",
        "userDefined": false
      }
    ],
    "isTemplate": false,
    "count": 0,
    "lang": "uk",
    "updated": 0
  },
  {
    "id": "513f4ce5-eec2-4252-b3d2-9bebaf388cf8",
    "data": [
      {
        "text": "звичайно",
        "userDefined": false
      }
    ],
    "isTemplate": false,
    "count": 0,
    "lang": "uk",
    "updated": 0
  },
  {
    "id": "9ce4f114-d318-4f89-84fc-0f5847f15c91",
    "data": [
      {
        "text": "підтверджую",
        "userDefined": false
      }
    ],
    "isTemplate": false,
    "count": 1,
    "lang": "uk",
    "updated": 0
  }
]