[
  {
    "id": "b4fc87ab-45d4-4a34-be11-9790d47d8b52",
    "data": [
      {
        "text": "справді ні",
        "userDefined": false
      }
    ],
    "isTemplate": false,
    "count": 0,
    "lang": "uk",
    "updated": 0
  },
  {
    "id": "2e87e7ab-22c4-44b8-8b4f-86f72f2fc58b",
    "data": [
      {
        "text": "не думаю",
        "userDefined": false
      }
    ],
    "isTemplate": false,
    "count": 0,
    "lang": "uk",
    "updated": 0
  },
  {
    "id": "8d317813-6988-45af-bd90-b701a555b966",
    "data": [
      {
        "text": "звісно ні",
        "userDefined": false
      }
    ],
    "isTemplate": false,
    "count": 0,
    "lang": "uk",
    "updated": 0
  },
  {
    "id": "841de053-fce8-4003-b3cc-63158db56669",
    "data": [
      {
        "text": "ні",
        "userDefined": false
      }
    ],
    "isTemplate": false,
    "count": 1,
    "lang": "uk",
    "updated": 0
  },
  {
    "id": "6dca6b76-8579-445e-829b-8edf713b76a4",
    "data": [
      {
        "text": "не погоджуюсь",
        "userDefined": false
      }
    ],
    "isTemplate": false,
    "count": 1,
    "lang": "uk",
    "updated": 0
  },
  {
    "id": "b1a31e6e-9477-40d2-9a46-a4ac50048b0d",
    "data": [
      {
        "text": "не хочу",
        "userDefined": false
      }
    ],
    "isTemplate": false,
    "count": 1,
    "lang": "uk",
    "updated": 0
  },
  {
    "id": "a9300279-f729-41eb-9e1b-e4d1140d98ad",
    "data": [
      {
        "text": "ні дякую",
        "userDefined": false
      }
    ],
    "isTemplate": false,
    "count": 0,
    "lang": "uk",
    "updated": 0
  },
  {
    "id": "e50e4654-1f8e-441d-b12c-8b53c324e34e",
    "data": [
      {
        "text": "не потрібно",
        "userDefined": false
      }
    ],
    "isTemplate": false,
    "count": 0,
    "lang": "uk",
    "updated": 0
  },
  {
    "id": "19901b72-f944-421f-bb26-f007bbb8764d",
    "data": [
      {
        "text": "не треба",
        "userDefined": false
      }
    ],
    "isTemplate": false,
    "count": 2,
    "lang": "uk",
    "updated": 0
  },
  {
    "id": "6a73be2a-f7f9-4f99-b7ed-ec11aa0794dc",
    "data": [
      {
        "text": "не цікавить",
        "userDefined": false
      }
    ],
    "isTemplate": false,
    "count": 0,
    "lang": "uk",
    "updated": 0
  }
]