[
  {
    "id": "10145c66-fa78-4b30-9c15-ec5ad86077f1",
    "data": [
      {
        "text": "так",
        "userDefined": false
      }
    ],
    "isTemplate": false,
    "count": 3,
    "lang": "uk",
    "updated": 0
  },
  {
    "id": "f46eb268-b017-4755-a628-8081b5421f96",
    "data": [
      {
        "text": "саме так",
        "userDefined": false
      }
    ],
    "isTemplate": false,
    "count": 0,
    "lang": "uk",
    "updated": 0
  },
  {
    "id": "59fe23f1-4cb1-43df-8773-1fdde77ea650",
    "data": [
      {
        "text": "згода",
        "userDefined": false
      }
    ],
    "isTemplate": false,
    "count": 1,
    "lang": "uk",
    "updated": 0
  },
  {
    "id": "91c1f0b7-8a65-4d3b-a74f-26f75883efec",
    "data": [
      {
        "text": "добре",
        "userDefined": false
      }
    ],
    "isTemplate": false,
    "count": 0,
    "lang": "uk",
    "updated": 0
  },
  {
    "id": "9dbcb6b1-221d-4b36-b985-d76dc601adae",
    "data": [
      {
        "text": "зроби це",
        "userDefined": false
      }
    ],
    "isTemplate": false,
    "count": 0,
    "lang": "uk",
    "updated": 0
  },
  {
    "id": "e9fe9554-3e53-4f28-a8e5-d49785a3014f",
    "data": [
      {
        "text": "погоджуюсь",
        "userDefined": false
      }
    ],
    "isTemplate": false,
    "count": 0,
    "lang": "uk",
    "updated": 0
  },
  {
    "id": "edf2ea6b-2c4f-44d6-a344-29e87aed0f1a",
    "data": [
      {
        "text": "зробити",
        "userDefined": false
      }
    ],
    "isTemplate": false,
    "count": 0,
    "lang": "uk",
    "updated": 0
  },
  {
    "id": "f2bfc20b-2b6d-4864-aa53-934d0d92fc23",
    "data": [
      {
        "text": "правильно",
        "userDefined": false
      }
    ],
    "isTemplate": false,
    "count": 0,
    "lang": "uk",
    "updated": 0
  },
  {
    "id": "67afa650-4dbb-49cb-aadb-85e13ea3a26e",
    "data": [
      {
        "text": "звичайно",
        "userDefined": false
      }
    ],
    "isTemplate": false,
    "count": 0,
    "lang": "uk",
    "updated": 0
  },
  {
    "id": "fd3d1f4e-15f5-4378-8819-6f58aa1bbd47",
    "data": [
      {
        "text": "підтверджую",
        "userDefined": false
      }
    ],
    "isTemplate": false,
    "count": 1,
    "lang": "uk",
    "updated": 0
  }
]