[
  {
    "id": "60acf36d-be15-49a0-ae82-fcb6a618f4d1",
    "data": [
      {
        "text": "1",
        "meta": "@sys.ignore",
        "userDefined": false
      }
    ],
    "isTemplate": false,
    "count": 0,
    "lang": "en",
    "updated": 0
  },
  {
    "id": "6c096d6d-1ad8-42d8-897e-c86234bd7cb5",
    "data": [
      {
        "text": "cold but not flu",
        "userDefined": false
      }
    ],
    "isTemplate": false,
    "count": 0,
    "lang": "en",
    "updated": 0
  },
  {
    "id": "043a44d6-3bd7-4904-a7a3-a6f039df1f01",
    "data": [
      {
        "text": "flu",
        "userDefined": false
      }
    ],
    "isTemplate": false,
    "count": 0,
    "lang": "en",
    "updated": 0
  },
  {
    "id": "ecfbf28e-2144-4fa0-a5ca-f90f8f302c8f",
    "data": [
      {
        "text": "cold",
        "userDefined": false
      }
    ],
    "isTemplate": false,
    "count": 0,
    "lang": "en",
    "updated": 0
  },
  {
    "id": "0ebae74b-f81d-4d2c-b826-2ee00f989868",
    "data": [
      {
        "text": "cold and flu",
        "userDefined": false
      }
    ],
    "isTemplate": false,
    "count": 0,
    "lang": "en",
    "updated": 0
  }
]