[
  {
    "id": "d6476f0a-beec-4cdc-b462-809247b36a4d",
    "data": [
      {
        "text": "ja",
        "userDefined": true
      }
    ],
    "isTemplate": false,
    "count": 0,
    "lang": "da",
    "updated": 0
  },
  {
    "id": "19afda8e-4bc1-4900-a454-09be9ef0596f",
    "data": [
      {
        "text": "gør det",
        "userDefined": true
      }
    ],
    "isTemplate": false,
    "count": 0,
    "lang": "da",
    "updated": 0
  },
  {
    "id": "20008ba8-e29f-4bb0-b9a5-7c2393f241ea",
    "data": [
      {
        "text": "OK",
        "userDefined": true
      }
    ],
    "isTemplate": false,
    "count": 0,
    "lang": "da",
    "updated": 0
  },
  {
    "id": "cebfe91e-630f-4777-bb97-9e39fa853b62",
    "data": [
      {
        "text": "præcis",
        "userDefined": true
      }
    ],
    "isTemplate": false,
    "count": 0,
    "lang": "da",
    "updated": 0
  },
  {
    "id": "708d75c5-bdda-4701-ac46-98702da82705",
    "data": [
      {
        "text": "bekræft",
        "userDefined": true
      }
    ],
    "isTemplate": false,
    "count": 0,
    "lang": "da",
    "updated": 0
  },
  {
    "id": "f13c8504-ce02-434b-9f10-33ec0fd1f5a0",
    "data": [
      {
        "text": "selvfølgelig",
        "userDefined": true
      }
    ],
    "isTemplate": false,
    "count": 0,
    "lang": "da",
    "updated": 0
  },
  {
    "id": "8c4054a5-ba6c-495b-8954-9d2ecc6da969",
    "data": [
      {
        "text": "det lyder godt",
        "userDefined": true
      }
    ],
    "isTemplate": false,
    "count": 0,
    "lang": "da",
    "updated": 0
  },
  {
    "id": "a5e8da83-042f-4ff8-9f17-6f8b7f5008fa",
    "data": [
      {
        "text": "det er rigtigt",
        "userDefined": true
      }
    ],
    "isTemplate": false,
    "count": 0,
    "lang": "da",
    "updated": 0
  },
  {
    "id": "bde65f81-0b23-4141-b628-f46e7136ede2",
    "data": [
      {
        "text": "jeg er ligeglad",
        "userDefined": true
      }
    ],
    "isTemplate": false,
    "count": 0,
    "lang": "da",
    "updated": 0
  },
  {
    "id": "febfb839-73bf-4306-80c1-26120d637ec3",
    "data": [
      {
        "text": "Jeg accepterer",
        "userDefined": true
      }
    ],
    "isTemplate": false,
    "count": 0,
    "lang": "da",
    "updated": 0
  }
]