[
  {
    "id": "dbaf31e8-9c99-4733-800d-b544b69e3a77",
    "data": [
      {
        "text": "না",
        "userDefined": true
      }
    ],
    "isTemplate": false,
    "count": 0,
    "lang": "bn",
    "updated": 0
  },
  {
    "id": "62d92c19-4917-40c3-b631-41e39abf5aa6",
    "data": [
      {
        "text": "এটা করবেন না",
        "userDefined": true
      }
    ],
    "isTemplate": false,
    "count": 0,
    "lang": "bn",
    "updated": 0
  },
  {
    "id": "66d8b812-5b61-4747-b047-f6bb9f93a350",
    "data": [
      {
        "text": "কখনই না",
        "userDefined": true
      }
    ],
    "isTemplate": false,
    "count": 0,
    "lang": "bn",
    "updated": 0
  },
  {
    "id": "9b551a75-1e0a-4990-aa45-cb84a69ed691",
    "data": [
      {
        "text": "একেবারেই না",
        "userDefined": true
      }
    ],
    "isTemplate": false,
    "count": 0,
    "lang": "bn",
    "updated": 0
  },
  {
    "id": "09570716-00ff-4ea1-83b4-c38bd6b0942d",
    "data": [
      {
        "text": "ধন্যবাদ, কিন্তু দরকার নেই",
        "userDefined": true
      }
    ],
    "isTemplate": false,
    "count": 0,
    "lang": "bn",
    "updated": 0
  },
  {
    "id": "90b7013a-b855-4c6e-b7e6-dd395dfc0a01",
    "data": [
      {
        "text": "আগ্রহী নই",
        "userDefined": true
      }
    ],
    "isTemplate": false,
    "count": 0,
    "lang": "bn",
    "updated": 0
  },
  {
    "id": "8f60e156-d1b1-4472-b6b9-03f49943356c",
    "data": [
      {
        "text": "আমি এটি মনে করি না",
        "userDefined": true
      }
    ],
    "isTemplate": false,
    "count": 0,
    "lang": "bn",
    "updated": 0
  },
  {
    "id": "d0da1286-dff4-483e-aed6-191b70f684af",
    "data": [
      {
        "text": "আমি রাজি নই",
        "userDefined": true
      }
    ],
    "isTemplate": false,
    "count": 0,
    "lang": "bn",
    "updated": 0
  },
  {
    "id": "df4e443a-a43f-4590-8e53-ebb708fd847b",
    "data": [
      {
        "text": "আমি এটা চাই না",
        "userDefined": true
      }
    ],
    "isTemplate": false,
    "count": 0,
    "lang": "bn",
    "updated": 0
  }
]