[
  {
    "id": "f0a6b094-56ca-4e23-b99e-e0fd9023ed73",
    "data": [
      {
        "text": "no mucho",
        "userDefined": false
      }
    ],
    "isTemplate": false,
    "count": 0,
    "lang": "es",
    "updated": 0
  },
  {
    "id": "e7c6251d-539c-4be1-b955-fe52bf4723b8",
    "data": [
      {
        "text": "en absoluto",
        "userDefined": false
      }
    ],
    "isTemplate": false,
    "count": 0,
    "lang": "es",
    "updated": 0
  },
  {
    "id": "4eca8b9b-0209-4831-836e-d393019e5742",
    "data": [
      {
        "text": "no lo creo",
        "userDefined": false
      }
    ],
    "isTemplate": false,
    "count": 0,
    "lang": "es",
    "updated": 0
  },
  {
    "id": "f2610cb7-f522-4970-b25f-f4c95fa6c95f",
    "data": [
      {
        "text": "no",
        "userDefined": false
      }
    ],
    "isTemplate": false,
    "count": 1,
    "lang": "es",
    "updated": 0
  },
  {
    "id": "9c52b597-4c1c-4c08-a707-9b93cb56a13e",
    "data": [
      {
        "text": "no lo quiero",
        "userDefined": false
      }
    ],
    "isTemplate": false,
    "count": 0,
    "lang": "es",
    "updated": 0
  },
  {
    "id": "0b63112f-4dfd-42d9-a663-c2fda02e1399",
    "data": [
      {
        "text": "no hacerlo",
        "userDefined": false
      }
    ],
    "isTemplate": false,
    "count": 0,
    "lang": "es",
    "updated": 0
  },
  {
    "id": "b9680842-bf68-4e63-a209-5de0117bc9af",
    "data": [
      {
        "text": "no me interesa",
        "userDefined": false
      }
    ],
    "isTemplate": false,
    "count": 0,
    "lang": "es",
    "updated": 0
  },
  {
    "id": "1e92eb82-60e4-489c-9915-a31c33c57b47",
    "data": [
      {
        "text": "no estoy de acuerdo",
        "userDefined": false
      }
    ],
    "isTemplate": false,
    "count": 0,
    "lang": "es",
    "updated": 0
  },
  {
    "id": "b725007a-95e2-4c68-8d8a-c2ca099e3abe",
    "data": [
      {
        "text": "gracias pero no",
        "userDefined": false
      }
    ],
    "isTemplate": false,
    "count": 0,
    "lang": "es",
    "updated": 0
  }
]