[
  {
    "id": "d9001d76-846b-406f-80f3-376879ea8f8a",
    "data": [
      {
        "text": "হ্যাঁ",
        "userDefined": false
      }
    ],
    "isTemplate": false,
    "count": 0,
    "lang": "bn",
    "updated": 0
  },
  {
    "id": "1caae64a-ae92-4102-ae8a-6f9c61f64150",
    "data": [
      {
        "text": "এটা করুন",
        "userDefined": true
      }
    ],
    "isTemplate": false,
    "count": 0,
    "lang": "bn",
    "updated": 0
  },
  {
    "id": "1ef6f638-3671-4e09-b458-a319c95bc7d4",
    "data": [
      {
        "text": "নিশ্চয়ই",
        "userDefined": true
      }
    ],
    "isTemplate": false,
    "count": 0,
    "lang": "bn",
    "updated": 0
  },
  {
    "id": "e9244964-976b-47b8-8bfa-87f875d54099",
    "data": [
      {
        "text": "ঠিক এইটাই",
        "userDefined": true
      }
    ],
    "isTemplate": false,
    "count": 0,
    "lang": "bn",
    "updated": 0
  },
  {
    "id": "de8e2cd8-cbfb-41b3-9351-e0685df72a98",
    "data": [
      {
        "text": "নিশ্চিত",
        "userDefined": true
      }
    ],
    "isTemplate": false,
    "count": 0,
    "lang": "bn",
    "updated": 0
  },
  {
    "id": "53fe6106-4898-4781-8ead-d3490c5dddd9",
    "data": [
      {
        "text": "অবশ্যই",
        "userDefined": true
      }
    ],
    "isTemplate": false,
    "count": 0,
    "lang": "bn",
    "updated": 0
  },
  {
    "id": "4b04ece6-0e97-451c-8b46-b9ee8bf174e9",
    "data": [
      {
        "text": "ভালোই মনে হচ্ছে",
        "userDefined": true
      }
    ],
    "isTemplate": false,
    "count": 0,
    "lang": "bn",
    "updated": 0
  },
  {
    "id": "46e5f7c4-6e5f-4d81-9903-674d6f0e2228",
    "data": [
      {
        "text": "এটা ঠিক",
        "userDefined": true
      }
    ],
    "isTemplate": false,
    "count": 0,
    "lang": "bn",
    "updated": 0
  },
  {
    "id": "ce1603fb-fb35-490a-94a7-216c3ce61fc7",
    "data": [
      {
        "text": "আমি কিছু মনে করি নি",
        "userDefined": true
      }
    ],
    "isTemplate": false,
    "count": 0,
    "lang": "bn",
    "updated": 0
  },
  {
    "id": "df58c366-43c0-4ffb-aca5-b9b4b07f1260",
    "data": [
      {
        "text": "আমি সম্মত",
        "userDefined": true
      }
    ],
    "isTemplate": false,
    "count": 0,
    "lang": "bn",
    "updated": 0
  }
]