[
  {
    "id": "aefe1d1c-7e86-4d1a-9b0d-8a26a0f73deb",
    "data": [
      {
        "text": "ja",
        "userDefined": true
      }
    ],
    "isTemplate": false,
    "count": 0,
    "lang": "da",
    "updated": 0
  },
  {
    "id": "557c468a-8ebe-4330-ba10-c3da34a4bccd",
    "data": [
      {
        "text": "gør det",
        "userDefined": true
      }
    ],
    "isTemplate": false,
    "count": 0,
    "lang": "da",
    "updated": 0
  },
  {
    "id": "de0f0407-eb55-4ac0-b2d9-c19a0dfb4480",
    "data": [
      {
        "text": "OK",
        "userDefined": true
      }
    ],
    "isTemplate": false,
    "count": 0,
    "lang": "da",
    "updated": 0
  },
  {
    "id": "83a98fb9-6f3a-4a31-9ad3-e8186a490934",
    "data": [
      {
        "text": "præcis",
        "userDefined": true
      }
    ],
    "isTemplate": false,
    "count": 0,
    "lang": "da",
    "updated": 0
  },
  {
    "id": "a02527ae-6314-4db6-a0f7-efd09244eb52",
    "data": [
      {
        "text": "bekræft",
        "userDefined": true
      }
    ],
    "isTemplate": false,
    "count": 0,
    "lang": "da",
    "updated": 0
  },
  {
    "id": "d36bbb85-e139-40ac-b6b0-32cac7b0e401",
    "data": [
      {
        "text": "selvfølgelig",
        "userDefined": true
      }
    ],
    "isTemplate": false,
    "count": 0,
    "lang": "da",
    "updated": 0
  },
  {
    "id": "3a33819e-779f-4b9c-ade6-0eb6e66b707d",
    "data": [
      {
        "text": "det lyder godt",
        "userDefined": true
      }
    ],
    "isTemplate": false,
    "count": 0,
    "lang": "da",
    "updated": 0
  },
  {
    "id": "c5b30f61-77cb-4d9c-9624-97d0a10e051e",
    "data": [
      {
        "text": "det er rigtigt",
        "userDefined": true
      }
    ],
    "isTemplate": false,
    "count": 0,
    "lang": "da",
    "updated": 0
  },
  {
    "id": "86365b1b-377f-498b-9c88-b2b02dcfa107",
    "data": [
      {
        "text": "jeg er ligeglad",
        "userDefined": true
      }
    ],
    "isTemplate": false,
    "count": 0,
    "lang": "da",
    "updated": 0
  },
  {
    "id": "6853ca30-8bec-4fb6-8a66-b27dbe3f38b2",
    "data": [
      {
        "text": "Jeg accepterer",
        "userDefined": true
      }
    ],
    "isTemplate": false,
    "count": 0,
    "lang": "da",
    "updated": 0
  }
]