[
  {
    "id": "27cda02c-dc1f-40da-9d8c-838fe830e211",
    "data": [
      {
        "text": "ne le fais pas",
        "userDefined": false
      }
    ],
    "isTemplate": false,
    "count": 1,
    "lang": "fr",
    "updated": 0
  },
  {
    "id": "4059659e-f3c3-47cf-9ea9-889dc98a0f04",
    "data": [
      {
        "text": "sûrement pas",
        "userDefined": false
      }
    ],
    "isTemplate": false,
    "count": 0,
    "lang": "fr",
    "updated": 0
  },
  {
    "id": "4147587e-cc44-4825-90fa-a268ce99b491",
    "data": [
      {
        "text": "je n\u0027en veux pas",
        "userDefined": false
      }
    ],
    "isTemplate": false,
    "count": 0,
    "lang": "fr",
    "updated": 0
  },
  {
    "id": "37c00cd0-ff4c-481e-907f-fbfdba0f04d7",
    "data": [
      {
        "text": "ça ne m\u0027intéresse pas",
        "userDefined": false
      }
    ],
    "isTemplate": false,
    "count": 0,
    "lang": "fr",
    "updated": 0
  },
  {
    "id": "8067a467-c8e9-4ea3-b2c1-6f3fbd95e8d1",
    "data": [
      {
        "text": "je ne crois pas",
        "userDefined": false
      }
    ],
    "isTemplate": false,
    "count": 2,
    "lang": "fr",
    "updated": 0
  },
  {
    "id": "bcd411f4-c785-4973-afe4-3fc98397acc6",
    "data": [
      {
        "text": "je ne suis pas d\u0027accord",
        "userDefined": false
      }
    ],
    "isTemplate": false,
    "count": 1,
    "lang": "fr",
    "updated": 0
  },
  {
    "id": "6ccad5c8-cf43-4f4f-916d-6c4e75625607",
    "data": [
      {
        "text": "non merci",
        "userDefined": false
      }
    ],
    "isTemplate": false,
    "count": 2,
    "lang": "fr",
    "updated": 0
  },
  {
    "id": "7961411c-cdb8-4af6-828f-95092a8476b1",
    "data": [
      {
        "text": "non",
        "userDefined": false
      }
    ],
    "isTemplate": false,
    "count": 3,
    "lang": "fr",
    "updated": 0
  },
  {
    "id": "69de41fc-7758-4bfc-9127-0c7e5373e159",
    "data": [
      {
        "text": "pas vraiment",
        "userDefined": false
      }
    ],
    "isTemplate": false,
    "count": 0,
    "lang": "fr",
    "updated": 0
  }
]