[
  {
    "id": "c4e574fd-71e2-4fa1-bc9e-96c0e10320d0",
    "data": [
      {
        "text": "হ্যাঁ",
        "userDefined": false
      }
    ],
    "isTemplate": false,
    "count": 0,
    "lang": "bn",
    "updated": 0
  },
  {
    "id": "111903af-b041-4bbc-acbd-9ad98bd7391e",
    "data": [
      {
        "text": "এটা করুন",
        "userDefined": true
      }
    ],
    "isTemplate": false,
    "count": 0,
    "lang": "bn",
    "updated": 0
  },
  {
    "id": "dfa0948e-7a22-4d15-899e-d9b629415ba7",
    "data": [
      {
        "text": "নিশ্চয়ই",
        "userDefined": true
      }
    ],
    "isTemplate": false,
    "count": 0,
    "lang": "bn",
    "updated": 0
  },
  {
    "id": "effafb6c-e859-4a38-8e2a-04b27a28eb20",
    "data": [
      {
        "text": "ঠিক এইটাই",
        "userDefined": true
      }
    ],
    "isTemplate": false,
    "count": 0,
    "lang": "bn",
    "updated": 0
  },
  {
    "id": "3d36202f-27de-413e-a874-7d87b6fdf7ab",
    "data": [
      {
        "text": "নিশ্চিত",
        "userDefined": true
      }
    ],
    "isTemplate": false,
    "count": 0,
    "lang": "bn",
    "updated": 0
  },
  {
    "id": "62b3990a-7519-4f3a-9d50-02721000a902",
    "data": [
      {
        "text": "অবশ্যই",
        "userDefined": true
      }
    ],
    "isTemplate": false,
    "count": 0,
    "lang": "bn",
    "updated": 0
  },
  {
    "id": "c9cce2a7-5c6c-42f3-905f-230d95ed4ea1",
    "data": [
      {
        "text": "ভালোই মনে হচ্ছে",
        "userDefined": true
      }
    ],
    "isTemplate": false,
    "count": 0,
    "lang": "bn",
    "updated": 0
  },
  {
    "id": "82b896bd-cfdb-4546-90f5-a49d2068da69",
    "data": [
      {
        "text": "এটা ঠিক",
        "userDefined": true
      }
    ],
    "isTemplate": false,
    "count": 0,
    "lang": "bn",
    "updated": 0
  },
  {
    "id": "e1b2ff23-47c1-4685-9de6-4ebeed2ff87d",
    "data": [
      {
        "text": "আমি কিছু মনে করি নি",
        "userDefined": true
      }
    ],
    "isTemplate": false,
    "count": 0,
    "lang": "bn",
    "updated": 0
  },
  {
    "id": "f11e5fad-82a1-435e-b71e-98443a365dec",
    "data": [
      {
        "text": "আমি সম্মত",
        "userDefined": true
      }
    ],
    "isTemplate": false,
    "count": 0,
    "lang": "bn",
    "updated": 0
  }
]