[
  {
    "id": "ea2f54db-67a9-4210-92b9-a774db18f626",
    "data": [
      {
        "text": "eftermiddag",
        "userDefined": false
      }
    ],
    "isTemplate": false,
    "count": 0,
    "lang": "da",
    "updated": 0
  },
  {
    "id": "e941e11b-7f9f-4ca9-ad6c-e9896a7abc4c",
    "data": [
      {
        "text": "hej med dig",
        "userDefined": false
      }
    ],
    "isTemplate": false,
    "count": 0,
    "lang": "da",
    "updated": 0
  },
  {
    "id": "c25851f1-165b-434d-b3f8-cc1d75c5cdcb",
    "data": [
      {
        "text": "hejsan",
        "userDefined": false
      }
    ],
    "isTemplate": false,
    "count": 0,
    "lang": "da",
    "updated": 0
  },
  {
    "id": "43aef641-a5e3-49dd-a06c-42a005ea96e6",
    "data": [
      {
        "text": "en god dag",
        "userDefined": false
      }
    ],
    "isTemplate": false,
    "count": 0,
    "lang": "da",
    "updated": 0
  },
  {
    "id": "308d8bb0-09fc-4eaa-9163-116fab2adeef",
    "data": [
      {
        "text": "hallo hej",
        "userDefined": false
      }
    ],
    "isTemplate": false,
    "count": 0,
    "lang": "da",
    "updated": 0
  },
  {
    "id": "e310b958-050f-43af-a70c-709c56bfccdd",
    "data": [
      {
        "text": "hej",
        "userDefined": false
      }
    ],
    "isTemplate": false,
    "count": 0,
    "lang": "da",
    "updated": 0
  },
  {
    "id": "f319b0ae-d7b4-4c81-9a53-340a3f228806",
    "data": [
      {
        "text": "hilsner",
        "userDefined": false
      }
    ],
    "isTemplate": false,
    "count": 0,
    "lang": "da",
    "updated": 0
  },
  {
    "id": "4741d672-e4fa-4284-abb9-fe579b5264bd",
    "data": [
      {
        "text": "hejsa",
        "userDefined": false
      }
    ],
    "isTemplate": false,
    "count": 0,
    "lang": "da",
    "updated": 0
  },
  {
    "id": "8d495122-c1ba-48e8-9967-f1fd5d25e7b8",
    "data": [
      {
        "text": "jeg ville bare sige hej",
        "userDefined": false
      }
    ],
    "isTemplate": false,
    "count": 0,
    "lang": "da",
    "updated": 0
  },
  {
    "id": "c69f7253-0b89-4376-8c5d-86667715ab59",
    "data": [
      {
        "text": "jeg hilser på dig",
        "userDefined": false
      }
    ],
    "isTemplate": false,
    "count": 0,
    "lang": "da",
    "updated": 0
  },
  {
    "id": "ad0f05a9-6546-4ef8-aba2-9601783840e4",
    "data": [
      {
        "text": "hej igen",
        "userDefined": false
      }
    ],
    "isTemplate": false,
    "count": 0,
    "lang": "da",
    "updated": 0
  },
  {
    "id": "21398ea6-3389-4c02-9cce-9b82047e4cc9",
    "data": [
      {
        "text": "det er længe siden",
        "userDefined": false
      }
    ],
    "isTemplate": false,
    "count": 0,
    "lang": "da",
    "updated": 0
  },
  {
    "id": "52d57e77-2dd5-48ec-a297-87df895aafbc",
    "data": [
      {
        "text": "dejlig dag synes du ikke",
        "userDefined": false
      }
    ],
    "isTemplate": false,
    "count": 0,
    "lang": "da",
    "updated": 0
  },
  {
    "id": "ebd135b7-40eb-41db-8869-7bf7481d191f",
    "data": [
      {
        "text": "davs",
        "userDefined": false
      }
    ],
    "isTemplate": false,
    "count": 0,
    "lang": "da",
    "updated": 0
  }
]