[
  {
    "id": "71606a23-8869-48ff-85fa-6cbb054cb840",
    "data": [
      {
        "text": "привіт",
        "userDefined": false
      }
    ],
    "isTemplate": false,
    "count": 0,
    "lang": "uk",
    "updated": 0
  },
  {
    "id": "180099ab-3a54-4ec3-b6bd-c23313184412",
    "data": [
      {
        "text": "добридень",
        "userDefined": false
      }
    ],
    "isTemplate": false,
    "count": 0,
    "lang": "uk",
    "updated": 0
  },
  {
    "id": "b03868e3-d613-4145-82a5-7f16e223657b",
    "data": [
      {
        "text": "добрий день",
        "userDefined": false
      }
    ],
    "isTemplate": false,
    "count": 0,
    "lang": "uk",
    "updated": 0
  },
  {
    "id": "2dff4818-1531-4e46-bfe0-fbbccdcf08c2",
    "data": [
      {
        "text": "давно не бачились",
        "userDefined": false
      }
    ],
    "isTemplate": false,
    "count": 0,
    "lang": "uk",
    "updated": 0
  },
  {
    "id": "05c6e7e3-4ffd-4a25-8add-739943e13de1",
    "data": [
      {
        "text": "здрастуйте",
        "userDefined": false
      }
    ],
    "isTemplate": false,
    "count": 0,
    "lang": "uk",
    "updated": 0
  },
  {
    "id": "84c8825f-ee15-4bfa-9c9d-7eb943ccb69f",
    "data": [
      {
        "text": "вітаю",
        "userDefined": false
      }
    ],
    "isTemplate": false,
    "count": 0,
    "lang": "uk",
    "updated": 0
  },
  {
    "id": "e00e021f-75b0-4b01-b3a8-b4e49b4b161d",
    "data": [
      {
        "text": "здраствуй",
        "userDefined": false
      }
    ],
    "isTemplate": false,
    "count": 0,
    "lang": "uk",
    "updated": 0
  }
]