[
  {
    "id": "2f299722-9494-4819-905a-9a7179967373",
    "data": [
      {
        "text": "এখানে স্বাগতম",
        "userDefined": false
      }
    ],
    "isTemplate": false,
    "count": 0,
    "lang": "bn",
    "updated": 0
  },
  {
    "id": "d0a7196e-bb90-4255-9d07-5dbad54a429f",
    "data": [
      {
        "text": "স্বাগতম",
        "userDefined": false
      }
    ],
    "isTemplate": false,
    "count": 0,
    "lang": "bn",
    "updated": 0
  },
  {
    "id": "f07d3c6f-1cda-45f2-98c3-15ad7fe87484",
    "data": [
      {
        "text": "তোমাকে অনেক অনেক স্বাগতম",
        "userDefined": false
      }
    ],
    "isTemplate": false,
    "count": 0,
    "lang": "bn",
    "updated": 0
  },
  {
    "id": "9fed565e-5296-4c34-879c-387f39573d0c",
    "data": [
      {
        "text": "এটা আমার আনন্দ",
        "userDefined": false
      }
    ],
    "isTemplate": false,
    "count": 0,
    "lang": "bn",
    "updated": 0
  },
  {
    "id": "bd9fb7bb-4299-4150-ac41-435b7e486dee",
    "data": [
      {
        "text": "নিশ্চিত স্বাগতম",
        "userDefined": false
      }
    ],
    "isTemplate": false,
    "count": 0,
    "lang": "bn",
    "updated": 0
  },
  {
    "id": "7b8a61e2-485a-414d-bc22-9dd0df9a7094",
    "data": [
      {
        "text": "আমার আনন্দ",
        "userDefined": false
      }
    ],
    "isTemplate": false,
    "count": 0,
    "lang": "bn",
    "updated": 0
  },
  {
    "id": "179370df-9b44-4e3b-9ae4-93e86a9bbb36",
    "data": [
      {
        "text": "তোমাকে স্বাগতম",
        "userDefined": false
      }
    ],
    "isTemplate": false,
    "count": 0,
    "lang": "bn",
    "updated": 0
  }
]