[
  {
    "id": "e39c6ca3-89a3-4c6f-b601-7c574910f803",
    "data": [
      {
        "text": "drugs (medicines)",
        "userDefined": false
      }
    ],
    "isTemplate": false,
    "count": 0,
    "lang": "en",
    "updated": 0
  },
  {
    "id": "3401bf96-9799-45ee-b582-cf167262e381",
    "data": [
      {
        "text": "drugs",
        "userDefined": false
      }
    ],
    "isTemplate": false,
    "count": 0,
    "lang": "en",
    "updated": 0
  },
  {
    "id": "9f8daa77-377f-4df5-a92a-c5a01714db4e",
    "data": [
      {
        "text": "3",
        "meta": "@sys.ignore",
        "userDefined": false
      }
    ],
    "isTemplate": false,
    "count": 0,
    "lang": "en",
    "updated": 0
  },
  {
    "id": "cbbc08c7-9134-4f67-85e0-fd0a84c0b8e1",
    "data": [
      {
        "text": "medicines",
        "userDefined": false
      }
    ],
    "isTemplate": false,
    "count": 0,
    "lang": "en",
    "updated": 0
  }
]