[
  {
    "id": "ce44c78f-759b-4c57-b6d1-24de76e75040",
    "data": [
      {
        "text": "food products",
        "userDefined": false
      }
    ],
    "isTemplate": false,
    "count": 0,
    "lang": "en",
    "updated": 0
  },
  {
    "id": "45e0fd84-6707-41af-959b-a437ddeeddb4",
    "data": [
      {
        "text": "food",
        "userDefined": false
      }
    ],
    "isTemplate": false,
    "count": 0,
    "lang": "en",
    "updated": 0
  },
  {
    "id": "3ed123e2-b441-4a81-ac8b-0f4aa63bf22e",
    "data": [
      {
        "text": "5",
        "meta": "@sys.ignore",
        "userDefined": false
      }
    ],
    "isTemplate": false,
    "count": 0,
    "lang": "en",
    "updated": 0
  },
  {
    "id": "ac89552b-955a-4f80-82d4-560e0e3d3e91",
    "data": [
      {
        "text": "Products",
        "meta": "@sys.ignore",
        "userDefined": true
      }
    ],
    "isTemplate": false,
    "count": 0,
    "lang": "en",
    "updated": 0
  }
]