[
  {
    "id": "04c78c51-414c-4c00-950b-41f52ec62e97",
    "data": [
      {
        "text": "info",
        "userDefined": false
      }
    ],
    "isTemplate": false,
    "count": 0,
    "lang": "en",
    "updated": 0
  },
  {
    "id": "8383374b-a0a5-48fe-b6a9-b3a71847f6fd",
    "data": [
      {
        "text": "general information",
        "userDefined": false
      }
    ],
    "isTemplate": false,
    "count": 0,
    "lang": "en",
    "updated": 0
  },
  {
    "id": "de10b52b-1670-4a13-bf97-b08d50702bda",
    "data": [
      {
        "text": "general info",
        "userDefined": false
      }
    ],
    "isTemplate": false,
    "count": 0,
    "lang": "en",
    "updated": 0
  },
  {
    "id": "8dcc885e-fe39-4a27-aeea-4422c66c2ea3",
    "data": [
      {
        "text": "information",
        "userDefined": false
      }
    ],
    "isTemplate": false,
    "count": 0,
    "lang": "en",
    "updated": 0
  },
  {
    "id": "8715ac07-db65-4ab3-83b1-e3a70e161098",
    "data": [
      {
        "text": "1",
        "meta": "@sys.ignore",
        "userDefined": false
      }
    ],
    "isTemplate": false,
    "count": 0,
    "lang": "en",
    "updated": 0
  },
  {
    "id": "d45eb2ed-feff-4e70-9529-4735f1e0341f",
    "data": [
      {
        "text": "general",
        "userDefined": false
      }
    ],
    "isTemplate": false,
    "count": 0,
    "lang": "en",
    "updated": 0
  }
]