[
  {
    "id": "9a59484b-d09f-433b-ba87-1b6abf5d4c7d",
    "data": [
      {
        "text": "2",
        "meta": "@sys.ignore",
        "userDefined": false
      }
    ],
    "isTemplate": false,
    "count": 0,
    "lang": "en",
    "updated": 0
  },
  {
    "id": "d400c16d-ea03-4edb-b641-37a242cf6b0e",
    "data": [
      {
        "text": "products",
        "userDefined": false
      }
    ],
    "isTemplate": false,
    "count": 0,
    "lang": "en",
    "updated": 0
  },
  {
    "id": "edd83102-50f7-4013-b1bb-2b8fc072e6a5",
    "data": [
      {
        "text": "blood products",
        "userDefined": false
      }
    ],
    "isTemplate": false,
    "count": 0,
    "lang": "en",
    "updated": 0
  },
  {
    "id": "3dc25674-4b5d-40fa-8de1-750fb832d25b",
    "data": [
      {
        "text": "tissues",
        "userDefined": false
      }
    ],
    "isTemplate": false,
    "count": 0,
    "lang": "en",
    "updated": 0
  },
  {
    "id": "e8c1f62d-74a6-469c-8e28-72028ab616e6",
    "data": [
      {
        "text": "human tissues",
        "userDefined": false
      }
    ],
    "isTemplate": false,
    "count": 0,
    "lang": "en",
    "updated": 0
  },
  {
    "id": "e7a1e439-2b6a-4873-b4b6-9d317546f217",
    "data": [
      {
        "text": "biologics",
        "userDefined": false
      }
    ],
    "isTemplate": false,
    "count": 0,
    "lang": "en",
    "updated": 0
  },
  {
    "id": "922995b3-6293-477a-a603-e9c626f06b3f",
    "data": [
      {
        "text": "vaccines",
        "userDefined": false
      }
    ],
    "isTemplate": false,
    "count": 0,
    "lang": "en",
    "updated": 0
  },
  {
    "id": "0fabef33-cbfd-4e22-945a-00d23e30abd1",
    "data": [
      {
        "text": "Vaccines, Biologics, Human Tissues, and Blood Products",
        "userDefined": false
      }
    ],
    "isTemplate": false,
    "count": 0,
    "lang": "en",
    "updated": 0
  }
]