[
  {
    "id": "e355a222-8378-440f-b1b9-1d19ee85d3e0",
    "data": [
      {
        "text": "weak",
        "userDefined": false
      }
    ],
    "isTemplate": false,
    "count": 0,
    "lang": "en",
    "updated": 0
  },
  {
    "id": "3effc269-e1a2-4b5f-8681-8871a9c73527",
    "data": [
      {
        "text": "2",
        "meta": "@sys.ignore",
        "userDefined": false
      }
    ],
    "isTemplate": false,
    "count": 0,
    "lang": "en",
    "updated": 0
  },
  {
    "id": "ac0aaf72-409d-47d4-a921-c7f9c932e459",
    "data": [
      {
        "text": "weakness",
        "userDefined": false
      }
    ],
    "isTemplate": false,
    "count": 0,
    "lang": "en",
    "updated": 0
  }
]